{
    "language": "FR",
    "music_volume": 0.9707317073170731,
    "sfx_volume": 0.8536585365853658,
    "music_enabled": false,
    "sfx_enabled": true
}