{
  "language": "FR",
  "music_volume": 0.35853658536585364,
  "sfx_volume": 0.5634146341463414,
  "music_enabled": false,
  "sfx_enabled": true,
  "difficulty": 2
}