{
  "language": "ES",
  "music_volume": 0.3097560975609756,
  "sfx_volume": 0.8536585365853658,
  "music_enabled": false,
  "sfx_enabled": false,
  "difficulty": 2
}